{
  "1": {
    "name": "Nahuel",
    "permanence_logs": {
      "2022": {
        "8": {
          "22": {
            "before_user_update": {
              "hours": 19,
              "mins": 47
            },
            "total": {
              "hours": 0,
              "mins": 6
            },
            "last_user_update": {
              "hours": 19,
              "mins": 47
            }
          },
          "23": {
            "hours": 2,
            "mins": 2,
            "before_user_update": {
              "hours": 2,
              "mins": 2
            },
            "total": {
              "hours": 0,
              "mins": 0
            },
            "last_user_update": {
              "hours": 2,
              "mins": 2
            }
          }
        }
      }
    }
  }
}